{
    "notifyId": 32,
    "billCode": "RKS20220116000002",
    "quantity": 600.00000000,
    "factQuantity": 0.00000000,
    "goodsName": "黄瓜",
    "billId": 16
}